"Ticker","Company","Sector","Industry"
"A","Agilent Technologies Inc","Health Care","Medical Equipment & Supplies"
"AA","Alcoa Inc","Non-Renewable Resources","Metals & Mining"
"AAL","American Airlines Group Inc","Transportation","Airlines"
"AAP","Advance Auto Parts Inc","Consumption II","Multiline and Specialty Retailers & Distributors"
"AAPL","Apple Inc","Technology & Communications","Hardware"
"ABBV","AbbVie Inc","Health Care","Pharmaceuticals"
"ABC","AmerisourceBergen Corp","Health Care","Health Care Distributors"
"ABT","Abbott Laboratories","Health Care","Medical Equipment & Supplies"
"ACN","Accenture PLC","Technology & Communications","Software & IT Services"
"ADBE","Adobe Systems Inc","Technology & Communications","Software & IT Services"
"ADI","Analog Devices Inc","Technology & Communications","Semiconductors"
"ADM","Archer-Daniels-Midland Co","Consumption I","Agricultural Products"
"ADP","Automatic Data Processing Inc","Technology & Communications","Software & IT Services"
"ADS","Alliance Data Systems Corp","Financials","Consumer Finance"
"ADSK","Autodesk Inc","Technology & Communications","Software & IT Services"
"AEE","Ameren Corp","Infrastructure","Electric Utilities"
"AEP","American Electric Power Co Inc","Infrastructure","Electric Utilities"
"AES","AES Corp/VA","Infrastructure","Electric Utilities"
"AET","Aetna Inc","Health Care","Managed Care"
"AFL","Aflac Inc","Financials","Insurance"
"AGN","Allergan plc","Health Care","Pharmaceuticals"
"AIG","American International Group Inc","Financials","Insurance"
"AIV","Apartment Investment & Management Co","Infrastructure","Real Estate Owners, Developers & Investment Trusts"
"AIZ","Assurant Inc","Financials","Insurance"
"AJG","Arthur J Gallagher & Co","Financials","Insurance"
"AKAM","Akamai Technologies Inc","Technology & Communications","Software & IT Services"
"ALK","Alaska Air Group Inc","Transportation","Airlines"
"ALL","Allstate Corp/The","Financials","Insurance"
"ALLE","Allegion PLC","Resource Transformation","Electrical & Electronic Equipment"
"ALXN","Alexion Pharmaceuticals Inc","Health Care","Biotechnology"
"AMAT","Applied Materials Inc","Technology & Communications","Semiconductors"
"AME","AMETEK Inc","Resource Transformation","Electrical & Electronic Equipment"
"AMG","Affiliated Managers Group Inc","Financials","Asset Management & Custody Activities"
"AMGN","Amgen Inc","Health Care","Biotechnology"
"AMP","Ameriprise Financial Inc","Financials","Asset Management & Custody Activities"
"AMT","American Tower Corp","Infrastructure","Real Estate Owners, Developers & Investment Trusts"
"AMZN","Amazon.com Inc","Consumption II","E-Commerce"
"AN","AutoNation Inc","Consumption II","Multiline and Specialty Retailers & Distributors"
"ANTM","Anthem Inc","Health Care","Managed Care"
"AON","Aon PLC","Financials","Insurance"
"APA","Apache Corp","Non-Renewable Resources","Oil & Gas - Exploration & Production"
"APC","Anadarko Petroleum Corp","Non-Renewable Resources","Oil & Gas - Exploration & Production"
"APD","Air Products & Chemicals Inc","Resource Transformation","Chemicals"
"APH","Amphenol Corp","Resource Transformation","Electrical & Electronic Equipment"
"ATVI","Activision Blizzard Inc","Technology & Communications","Software & IT Services"
"AVB","AvalonBay Communities Inc","Infrastructure","Real Estate Owners, Developers & Investment Trusts"
"AVGO","Avago Technologies Ltd","Technology & Communications","Semiconductors"
"AVY","Avery Dennison Corp","Resource Transformation","Chemicals"
"AWK","American Water Works Co Inc","Infrastructure","Water Utilities"
"AXP","American Express Co","Financials","Consumer Finance"
"AYI","Acuity Brands Inc","Resource Transformation","Electrical & Electronic Equipment"
"AZO","AutoZone Inc","Consumption II","Multiline and Specialty Retailers & Distributors"
"BA","Boeing Co/The","Resource Transformation","Aerospace & Defense"
"BAC","Bank of America Corp","Financials","Commercial Banks"
"BAX","Baxter International Inc","Health Care","Medical Equipment & Supplies"
"BBBY","Bed Bath & Beyond Inc","Consumption II","Multiline and Specialty Retailers & Distributors"
"BBT","BB&T Corp","Financials","Commercial Banks"
"BBY","Best Buy Co Inc","Consumption II","Multiline and Specialty Retailers & Distributors"
"BCR","CR Bard Inc","Health Care","Medical Equipment & Supplies"
"BDX","Becton Dickinson and Co","Health Care","Medical Equipment & Supplies"
"BEN","Franklin Resources Inc","Financials","Asset Management & Custody Activities"
"BHI","Baker Hughes Inc","Non-Renewable Resources","Oil & Gas - Services"
"BIIB","Biogen Inc","Health Care","Biotechnology"
"BK","Bank of New York Mellon Corp/The","Financials","Asset Management & Custody Activities"
"BLK","BlackRock Inc","Financials","Asset Management & Custody Activities"
"BLL","Ball Corp","Resource Transformation","Containers & Packaging"
"BMY","Bristol-Myers Squibb Co","Health Care","Pharmaceuticals"
"BSX","Boston Scientific Corp","Health Care","Medical Equipment & Supplies"
"BWA","BorgWarner Inc","Transportation","Auto Parts"
"BXP","Boston Properties Inc","Infrastructure","Real Estate Owners, Developers & Investment Trusts"
"C","Citigroup Inc","Financials","Commercial Banks"
"CA","CA Inc","Technology & Communications","Software & IT Services"
"CAG","ConAgra Foods Inc","Consumption I","Processed Foods"
"CAH","Cardinal Health Inc","Health Care","Health Care Distributors"
"CAT","Caterpillar Inc","Resource Transformation","Industrial Machinery & Goods"
"CB","Chubb Corp/The","Financials","Insurance"
"CBG","CBRE Group Inc","Infrastructure","Real Estate Services"
"CBS","CBS Corp","Services","Media Production & Distribution"
"CCI","Crown Castle International Corp","Infrastructure","Real Estate Owners, Developers & Investment Trusts"
"CCL","Carnival Corp","Services","Cruise Lines"
"CELG","Celgene Corp","Health Care","Biotechnology"
"CERN","Cerner Corp","Technology & Communications","Software & IT Services"
"CF","CF Industries Holdings Inc","Resource Transformation","Chemicals"
"CFG","Citizens Financial Group Inc","Financials","Commercial Banks"
"CHD","Church & Dwight Co Inc","Consumption I","Household & Personal Products"
"CHK","Chesapeake Energy Corp","Non-Renewable Resources","Oil & Gas - Exploration & Production"
"CHRW","CH Robinson Worldwide Inc","Transportation","Air Freight & Logistics"
"CI","Cigna Corp","Health Care","Managed Care"
"CINF","Cincinnati Financial Corp","Financials","Insurance"
"CL","Colgate-Palmolive Co","Consumption I","Household & Personal Products"
"CLX","Clorox Co/The","Consumption I","Household & Personal Products"
"CMA","Comerica Inc","Financials","Commercial Banks"
"CMCSA","Comcast Corp","Services","Cable & Satellite"
"CME","CME Group Inc/IL","Financials","Security & Commodity Exchanges"
"CMG","Chipotle Mexican Grill Inc","Services","Restaurants"
"CMI","Cummins Inc","Resource Transformation","Industrial Machinery & Goods"
"CMS","CMS Energy Corp","Infrastructure","Electric Utilities"
"CNC","Centene Corp","Health Care","Managed Care"
"CNP","CenterPoint Energy Inc","Infrastructure","Electric Utilities"
"COF","Capital One Financial Corp","Financials","Consumer Finance"
"COG","Cabot Oil & Gas Corp","Non-Renewable Resources","Oil & Gas - Exploration & Production"
"COH","Coach Inc","Consumption II","Apparel, Accessories & Footwear"
"COL","Rockwell Collins Inc","Resource Transformation","Aerospace & Defense"
"COP","ConocoPhillips","Non-Renewable Resources","Oil & Gas - Exploration & Production"
"COST","Costco Wholesale Corp","Consumption II","Multiline and Specialty Retailers & Distributors"
"CPB","Campbell Soup Co","Consumption I","Processed Foods"
"CPGX","Columbia Pipeline Group Inc","Non-Renewable Resources","Oil & Gas - Midstream"
"CRM","salesforce.com inc","Technology & Communications","Software & IT Services"
"CSCO","Cisco Systems Inc","Technology & Communications","Hardware"
"CSRA","CSRA Inc","Technology & Communications","Software & IT Services"
"CSX","CSX Corp","Transportation","Rail Transportation"
"CTAS","Cintas Corp",".Security currently not part of a SICS industry",".Security currently not part of a SICS industry"
"CTL","CenturyLink Inc","Technology & Communications","Telecommunications"
"CTSH","Cognizant Technology Solutions Corp","Technology & Communications","Software & IT Services"
"CTXS","Citrix Systems Inc","Technology & Communications","Software & IT Services"
"CVC","Cablevision Systems Corp","Services","Cable & Satellite"
"CVS","CVS Health Corp","Consumption II","Drug Retailers & Convenience Stores"
"CVX","Chevron Corp","Non-Renewable Resources","Integrated Oil & Gas"
"CXO","Concho Resources Inc","Non-Renewable Resources","Oil & Gas - Exploration & Production"
"D","Dominion Resources Inc/VA","Infrastructure","Electric Utilities"
"DAL","Delta Air Lines Inc","Transportation","Airlines"
"DD","EI du Pont de Nemours & Co","Resource Transformation","Chemicals"
"DE","Deere & Co","Resource Transformation","Industrial Machinery & Goods"
"DFS","Discover Financial Services","Financials","Consumer Finance"
"DG","Dollar General Corp","Consumption II","Multiline and Specialty Retailers & Distributors"
"DGX","Quest Diagnostics Inc","Health Care","Health Care Delivery"
"DHI","DR Horton Inc","Infrastructure","Home Builders"
"DHR","Danaher Corp","Health Care","Medical Equipment & Supplies"
"DIS","Walt Disney Co/The","Services","Media Production & Distribution"
"DISCA","Discovery Communications Inc","Services","Media Production & Distribution"
"DISCK","Discovery Communications Inc","Services","Media Production & Distribution"
"DLPH","Delphi Automotive PLC","Transportation","Auto Parts"
"DLR","Digital Realty Trust Inc","Infrastructure","Real Estate Owners, Developers & Investment Trusts"
"DLTR","Dollar Tree Inc","Consumption II","Multiline and Specialty Retailers & Distributors"
"DNB","Dun & Bradstreet Corp/The","Services","Professional Services"
"DO","Diamond Offshore Drilling Inc","Non-Renewable Resources","Oil & Gas - Services"
"DOV","Dover Corp","Resource Transformation","Industrial Machinery & Goods"
"DOW","Dow Chemical Co/The","Resource Transformation","Chemicals"
"DPS","Dr Pepper Snapple Group Inc","Consumption I","Non-Alcoholic Beverages"
"DRI","Darden Restaurants Inc","Services","Restaurants"
"DTE","DTE Energy Co","Infrastructure","Electric Utilities"
"DUK","Duke Energy Corp","Infrastructure","Electric Utilities"
"DVA","DaVita HealthCare Partners Inc","Health Care","Health Care Delivery"
"DVN","Devon Energy Corp","Non-Renewable Resources","Oil & Gas - Exploration & Production"
"EA","Electronic Arts Inc","Technology & Communications","Software & IT Services"
"EBAY","eBay Inc","Consumption II","E-Commerce"
"ECL","Ecolab Inc",".Security currently not part of a SICS industry",".Security currently not part of a SICS industry"
"ED","Consolidated Edison Inc","Infrastructure","Electric Utilities"
"EFX","Equifax Inc","Services","Professional Services"
"EIX","Edison International","Infrastructure","Electric Utilities"
"EL","Estee Lauder Cos Inc/The","Consumption I","Household & Personal Products"
"EMC","EMC Corp/MA","Technology & Communications","Hardware"
"EMN","Eastman Chemical Co","Resource Transformation","Chemicals"
"EMR","Emerson Electric Co","Resource Transformation","Electrical & Electronic Equipment"
"ENDP","Endo International PLC","Health Care","Pharmaceuticals"
"EOG","EOG Resources Inc","Non-Renewable Resources","Oil & Gas - Exploration & Production"
"EQIX","Equinix Inc","Infrastructure","Real Estate Owners, Developers & Investment Trusts"
"EQR","Equity Residential","Infrastructure","Real Estate Owners, Developers & Investment Trusts"
"EQT","EQT Corp","Non-Renewable Resources","Oil & Gas - Exploration & Production"
"ES","Eversource Energy","Infrastructure","Electric Utilities"
"ESRX","Express Scripts Holding Co",".Security currently not part of a SICS industry",".Security currently not part of a SICS industry"
"ESS","Essex Property Trust Inc","Infrastructure","Real Estate Owners, Developers & Investment Trusts"
"ETFC","E*TRADE Financial Corp","Financials","Asset Management & Custody Activities"
"ETN","Eaton Corp PLC","Resource Transformation","Electrical & Electronic Equipment"
"ETR","Entergy Corp","Infrastructure","Electric Utilities"
"EW","Edwards Lifesciences Corp","Health Care","Medical Equipment & Supplies"
"EXC","Exelon Corp","Infrastructure","Electric Utilities"
"EXPD","Expeditors International of Washington Inc","Transportation","Air Freight & Logistics"
"EXPE","Expedia Inc","Technology & Communications","Internet Media & Services"
"EXR","Extra Space Storage Inc","Infrastructure","Real Estate Owners, Developers & Investment Trusts"
"F","Ford Motor Co","Transportation","Automobiles"
"FAST","Fastenal Co","Consumption II","Multiline and Specialty Retailers & Distributors"
"FB","Facebook Inc","Technology & Communications","Internet Media & Services"
"FCX","Freeport-McMoRan Inc","Non-Renewable Resources","Metals & Mining"
"FDX","FedEx Corp","Transportation","Air Freight & Logistics"
"FE","FirstEnergy Corp","Infrastructure","Electric Utilities"
"FFIV","F5 Networks Inc","Technology & Communications","Hardware"
"FIS","Fidelity National Information Services Inc","Financials","Consumer Finance"
"FISV","Fiserv Inc","Financials","Consumer Finance"
"FITB","Fifth Third Bancorp","Financials","Commercial Banks"
"FL","Foot Locker Inc","Consumption II","Apparel, Accessories & Footwear"
"FLIR","FLIR Systems Inc","Technology & Communications","Hardware"
"FLR","Fluor Corp","Infrastructure","Engineering & Construction Services"
"FLS","Flowserve Corp","Resource Transformation","Industrial Machinery & Goods"
"FMC","FMC Corp","Resource Transformation","Chemicals"
"FOX","Twenty-First Century Fox Inc","Services","Media Production & Distribution"
"FOXA","Twenty-First Century Fox Inc","Services","Media Production & Distribution"
"FRT","Federal Realty Investment Trust","Infrastructure","Real Estate Owners, Developers & Investment Trusts"
"FSLR","First Solar Inc","Renewable Resources & Alternative Energy","Solar Energy"
"FTI","FMC Technologies Inc","Non-Renewable Resources","Oil & Gas - Services"
"FTR","Frontier Communications Corp","Technology & Communications","Telecommunications"
"GAS","AGL Resources Inc","Infrastructure","Gas Utilities"
"GD","General Dynamics Corp","Resource Transformation","Aerospace & Defense"
"GE","General Electric Co","Resource Transformation","Electrical & Electronic Equipment"
"GGP","General Growth Properties Inc","Infrastructure","Real Estate Owners, Developers & Investment Trusts"
"GILD","Gilead Sciences Inc","Health Care","Biotechnology"
"GIS","General Mills Inc","Consumption I","Processed Foods"
"GLW","Corning Inc","Technology & Communications","Hardware"
"GM","General Motors Co","Transportation","Automobiles"
"GOOG","Alphabet Inc","Technology & Communications","Internet Media & Services"
"GOOGL","Alphabet Inc","Technology & Communications","Internet Media & Services"
"GPC","Genuine Parts Co","Consumption II","Multiline and Specialty Retailers & Distributors"
"GPN","Global Payments Inc","Financials","Consumer Finance"
"GPS","Gap Inc/The","Consumption II","Apparel, Accessories & Footwear"
"GRMN","Garmin Ltd","Technology & Communications","Hardware"
"GS","Goldman Sachs Group Inc/The","Financials","Investment Banking & Brokerage"
"GT","Goodyear Tire & Rubber Co/The","Transportation","Auto Parts"
"GWW","WW Grainger Inc","Resource Transformation","Industrial Machinery & Goods"
"HAL","Halliburton Co","Non-Renewable Resources","Oil & Gas - Services"
"HAR","Harman International Industries Inc","Transportation","Auto Parts"
"HAS","Hasbro Inc","Consumption II","Toys & Sporting Goods"
"HBAN","Huntington Bancshares Inc/OH","Financials","Commercial Banks"
"HBI","Hanesbrands Inc","Consumption II","Apparel, Accessories & Footwear"
"HCA","HCA Holdings Inc","Health Care","Health Care Delivery"
"HCN","Welltower Inc","Infrastructure","Real Estate Owners, Developers & Investment Trusts"
"HCP","HCP Inc","Infrastructure","Real Estate Owners, Developers & Investment Trusts"
"HD","Home Depot Inc/The","Consumption II","Multiline and Specialty Retailers & Distributors"
"HES","Hess Corp","Non-Renewable Resources","Oil & Gas - Exploration & Production"
"HIG","Hartford Financial Services Group Inc/The","Financials","Insurance"
"HOG","Harley-Davidson Inc","Transportation","Automobiles"
"HOLX","Hologic Inc","Health Care","Medical Equipment & Supplies"
"HON","Honeywell International Inc","Resource Transformation","Electrical & Electronic Equipment"
"HOT","Starwood Hotels & Resorts Worldwide Inc","Services","Hotels & Lodging"
"HP","Helmerich & Payne Inc","Non-Renewable Resources","Oil & Gas - Services"
"HPE","Hewlett Packard Enterprise Co","Technology & Communications","Software & IT Services"
"HPQ","HP Inc","Technology & Communications","Hardware"
"HRB","H&R Block Inc","Services","Professional Services"
"HRL","Hormel Foods Corp","Consumption I","Meat, Poultry & Dairy"
"HRS","Harris Corp","Resource Transformation","Aerospace & Defense"
"HSIC","Henry Schein Inc","Health Care","Health Care Distributors"
"HST","Host Hotels & Resorts Inc","Infrastructure","Real Estate Owners, Developers & Investment Trusts"
"HSY","Hershey Co/The","Consumption I","Processed Foods"
"HUM","Humana Inc","Health Care","Managed Care"
"IBM","International Business Machines Corp","Technology & Communications","Software & IT Services"
"ICE","Intercontinental Exchange Inc","Financials","Security & Commodity Exchanges"
"IFF","International Flavors & Fragrances Inc","Resource Transformation","Chemicals"
"ILMN","Illumina Inc","Health Care","Medical Equipment & Supplies"
"INTC","Intel Corp","Technology & Communications","Semiconductors"
"INTU","Intuit Inc","Technology & Communications","Software & IT Services"
"IP","International Paper Co","Resource Transformation","Containers & Packaging"
"IPG","Interpublic Group of Cos Inc/The","Services","Advertising & Marketing"
"IR","Ingersoll-Rand PLC","Resource Transformation","Electrical & Electronic Equipment"
"IRM","Iron Mountain Inc","Infrastructure","Real Estate Owners, Developers & Investment Trusts"
"ISRG","Intuitive Surgical Inc","Health Care","Medical Equipment & Supplies"
"ITW","Illinois Tool Works Inc","Resource Transformation","Industrial Machinery & Goods"
"IVZ","Invesco Ltd","Financials","Asset Management & Custody Activities"
"JBHT","JB Hunt Transport Services Inc","Transportation","Road Transportation"
"JCI","Johnson Controls Inc","Transportation","Auto Parts"
"JEC","Jacobs Engineering Group Inc","Infrastructure","Engineering & Construction Services"
"JNJ","Johnson & Johnson","Health Care","Pharmaceuticals"
"JNPR","Juniper Networks Inc","Technology & Communications","Hardware"
"JPM","JPMorgan Chase & Co","Financials","Investment Banking & Brokerage"
"JWN","Nordstrom Inc","Consumption II","Multiline and Specialty Retailers & Distributors"
"K","Kellogg Co","Consumption I","Processed Foods"
"KEY","KeyCorp","Financials","Commercial Banks"
"KHC","Kraft Heinz Co/The","Consumption I","Processed Foods"
"KIM","Kimco Realty Corp","Infrastructure","Real Estate Owners, Developers & Investment Trusts"
"KLAC","KLA-Tencor Corp","Technology & Communications","Semiconductors"
"KMB","Kimberly-Clark Corp","Consumption I","Household & Personal Products"
"KMI","Kinder Morgan Inc/DE","Non-Renewable Resources","Oil & Gas - Midstream"
"KMX","CarMax Inc","Consumption II","Multiline and Specialty Retailers & Distributors"
"KO","Coca-Cola Co/The","Consumption I","Non-Alcoholic Beverages"
"KORS","Michael Kors Holdings Ltd","Consumption II","Apparel, Accessories & Footwear"
"KR","Kroger Co/The","Consumption II","Food Retailers & Distributors"
"KSS","Kohl's Corp","Consumption II","Multiline and Specialty Retailers & Distributors"
"KSU","Kansas City Southern","Transportation","Rail Transportation"
"L","Loews Corp","Financials","Insurance"
"LB","L Brands Inc","Consumption II","Apparel, Accessories & Footwear"
"LEG","Leggett & Platt Inc","Consumption II","Building Products & Furnishings"
"LEN","Lennar Corp","Infrastructure","Home Builders"
"LH","Laboratory Corp of America Holdings","Health Care","Health Care Delivery"
"LKQ","LKQ Corp","Consumption II","Multiline and Specialty Retailers & Distributors"
"LLL","L-3 Communications Holdings Inc","Resource Transformation","Aerospace & Defense"
"LLTC","Linear Technology Corp","Technology & Communications","Semiconductors"
"LLY","Eli Lilly & Co","Health Care","Pharmaceuticals"
"LM","Legg Mason Inc","Financials","Asset Management & Custody Activities"
"LMT","Lockheed Martin Corp","Resource Transformation","Aerospace & Defense"
"LNC","Lincoln National Corp","Financials","Insurance"
"LOW","Lowe's Cos Inc","Consumption II","Multiline and Specialty Retailers & Distributors"
"LRCX","Lam Research Corp","Technology & Communications","Semiconductors"
"LUK","Leucadia National Corp","Financials","Asset Management & Custody Activities"
"LUV","Southwest Airlines Co","Transportation","Airlines"
"LVLT","Level 3 Communications Inc","Technology & Communications","Telecommunications"
"LYB","LyondellBasell Industries NV","Resource Transformation","Chemicals"
"M","Macy's Inc","Consumption II","Multiline and Specialty Retailers & Distributors"
"MA","MasterCard Inc","Financials","Consumer Finance"
"MAC","Macerich Co/The","Infrastructure","Real Estate Owners, Developers & Investment Trusts"
"MAR","Marriott International Inc/MD","Services","Hotels & Lodging"
"MAS","Masco Corp","Consumption II","Building Products & Furnishings"
"MAT","Mattel Inc","Consumption II","Toys & Sporting Goods"
"MCD","McDonald's Corp","Services","Restaurants"
"MCHP","Microchip Technology Inc","Technology & Communications","Semiconductors"
"MCK","McKesson Corp","Health Care","Health Care Distributors"
"MCO","Moody's Corp","Services","Professional Services"
"MDLZ","Mondelez International Inc","Consumption I","Processed Foods"
"MDT","Medtronic PLC","Health Care","Medical Equipment & Supplies"
"MET","MetLife Inc","Financials","Insurance"
"MHK","Mohawk Industries Inc","Consumption II","Building Products & Furnishings"
"MJN","Mead Johnson Nutrition Co","Consumption I","Processed Foods"
"MKC","McCormick & Co Inc/MD","Consumption I","Processed Foods"
"MLM","Martin Marietta Materials Inc","Non-Renewable Resources","Construction Materials"
"MMC","Marsh & McLennan Cos Inc","Financials","Insurance"
"MMM","3M Co","Resource Transformation","Containers & Packaging"
"MNK","Mallinckrodt PLC","Health Care","Pharmaceuticals"
"MNST","Monster Beverage Corp","Consumption I","Non-Alcoholic Beverages"
"MO","Altria Group Inc","Consumption I","Tobacco"
"MON","Monsanto Co","Resource Transformation","Chemicals"
"MOS","Mosaic Co/The","Resource Transformation","Chemicals"
"MPC","Marathon Petroleum Corp","Non-Renewable Resources","Oil & Gas - Refining & Marketing"
"MRK","Merck & Co Inc","Health Care","Pharmaceuticals"
"MRO","Marathon Oil Corp","Non-Renewable Resources","Oil & Gas - Exploration & Production"
"MS","Morgan Stanley","Financials","Investment Banking & Brokerage"
"MSFT","Microsoft Corp","Technology & Communications","Software & IT Services"
"MSI","Motorola Solutions Inc","Technology & Communications","Hardware"
"MTB","M&T Bank Corp","Financials","Commercial Banks"
"MU","Micron Technology Inc","Technology & Communications","Semiconductors"
"MUR","Murphy Oil Corp","Non-Renewable Resources","Oil & Gas - Exploration & Production"
"MYL","Mylan NV","Health Care","Pharmaceuticals"
"NAVI","Navient Corp","Financials","Consumer Finance"
"NBL","Noble Energy Inc","Non-Renewable Resources","Oil & Gas - Exploration & Production"
"NDAQ","Nasdaq Inc","Financials","Security & Commodity Exchanges"
"NEE","NextEra Energy Inc","Infrastructure","Electric Utilities"
"NEM","Newmont Mining Corp","Non-Renewable Resources","Metals & Mining"
"NFLX","Netflix Inc","Consumption II","E-Commerce"
"NFX","Newfield Exploration Co","Non-Renewable Resources","Oil & Gas - Exploration & Production"
"NI","NiSource Inc","Infrastructure","Gas Utilities"
"NKE","NIKE Inc","Consumption II","Apparel, Accessories & Footwear"
"NLSN","Nielsen Holdings PLC","Services","Advertising & Marketing"
"NOC","Northrop Grumman Corp","Resource Transformation","Aerospace & Defense"
"NOV","National Oilwell Varco Inc","Non-Renewable Resources","Oil & Gas - Services"
"NRG","NRG Energy Inc","Infrastructure","Electric Utilities"
"NSC","Norfolk Southern Corp","Transportation","Rail Transportation"
"NTAP","NetApp Inc","Technology & Communications","Hardware"
"NTRS","Northern Trust Corp","Financials","Asset Management & Custody Activities"
"NUE","Nucor Corp","Non-Renewable Resources","Iron & Steel Producers"
"NVDA","NVIDIA Corp","Technology & Communications","Semiconductors"
"NWL","Newell Rubbermaid Inc","Consumption I","Household & Personal Products"
"NWS","News Corp","Services","Media Production & Distribution"
"NWSA","News Corp","Services","Media Production & Distribution"
"O","Realty Income Corp","Infrastructure","Real Estate Owners, Developers & Investment Trusts"
"OI","Owens-Illinois Inc","Resource Transformation","Containers & Packaging"
"OKE","ONEOK Inc","Non-Renewable Resources","Oil & Gas - Midstream"
"OMC","Omnicom Group Inc","Services","Advertising & Marketing"
"ORCL","Oracle Corp","Technology & Communications","Software & IT Services"
"ORLY","O'Reilly Automotive Inc","Consumption II","Multiline and Specialty Retailers & Distributors"
"OXY","Occidental Petroleum Corp","Non-Renewable Resources","Oil & Gas - Exploration & Production"
"PAYX","Paychex Inc","Technology & Communications","Software & IT Services"
"PBCT","People's United Financial Inc","Financials","Commercial Banks"
"PBI","Pitney Bowes Inc","Technology & Communications","Hardware"
"PCAR","PACCAR Inc","Resource Transformation","Industrial Machinery & Goods"
"PCG","PG&E Corp","Infrastructure","Electric Utilities"
"PCLN","Priceline Group Inc/The","Technology & Communications","Internet Media & Services"
"PDCO","Patterson Cos Inc","Health Care","Health Care Distributors"
"PEG","Public Service Enterprise Group Inc","Infrastructure","Electric Utilities"
"PEP","PepsiCo Inc","Consumption I","Non-Alcoholic Beverages"
"PFE","Pfizer Inc","Health Care","Pharmaceuticals"
"PFG","Principal Financial Group Inc","Financials","Insurance"
"PG","Procter & Gamble Co/The","Consumption I","Household & Personal Products"
"PGR","Progressive Corp/The","Financials","Insurance"
"PH","Parker-Hannifin Corp","Resource Transformation","Industrial Machinery & Goods"
"PHM","PulteGroup Inc","Infrastructure","Home Builders"
"PKI","PerkinElmer Inc","Health Care","Medical Equipment & Supplies"
"PLD","Prologis Inc","Infrastructure","Real Estate Owners, Developers & Investment Trusts"
"PM","Philip Morris International Inc","Consumption I","Tobacco"
"PNC","PNC Financial Services Group Inc/The","Financials","Commercial Banks"
"PNR","Pentair PLC","Resource Transformation","Industrial Machinery & Goods"
"PNW","Pinnacle West Capital Corp","Infrastructure","Electric Utilities"
"PPG","PPG Industries Inc","Resource Transformation","Chemicals"
"PPL","PPL Corp","Infrastructure","Electric Utilities"
"PRGO","Perrigo Co PLC","Health Care","Pharmaceuticals"
"PRU","Prudential Financial Inc","Financials","Insurance"
"PSA","Public Storage","Infrastructure","Real Estate Owners, Developers & Investment Trusts"
"PSX","Phillips 66","Non-Renewable Resources","Oil & Gas - Refining & Marketing"
"PVH","PVH Corp","Consumption II","Apparel, Accessories & Footwear"
"PWR","Quanta Services Inc","Infrastructure","Engineering & Construction Services"
"PX","Praxair Inc","Resource Transformation","Chemicals"
"PXD","Pioneer Natural Resources Co","Non-Renewable Resources","Oil & Gas - Exploration & Production"
"PYPL","PayPal Holdings Inc","Financials","Consumer Finance"
"QCOM","QUALCOMM Inc","Technology & Communications","Semiconductors"
"QRVO","Qorvo Inc","Technology & Communications","Semiconductors"
"R","Ryder System Inc","Transportation","Air Freight & Logistics"
"RAI","Reynolds American Inc","Consumption I","Tobacco"
"RCL","Royal Caribbean Cruises Ltd","Services","Cruise Lines"
"REGN","Regeneron Pharmaceuticals Inc","Health Care","Biotechnology"
"RF","Regions Financial Corp","Financials","Commercial Banks"
"RHI","Robert Half International Inc","Services","Professional Services"
"RHT","Red Hat Inc","Technology & Communications","Software & IT Services"
"RIG","Transocean Ltd","Non-Renewable Resources","Oil & Gas - Services"
"RL","Ralph Lauren Corp","Consumption II","Apparel, Accessories & Footwear"
"ROK","Rockwell Automation Inc","Resource Transformation","Electrical & Electronic Equipment"
"ROP","Roper Technologies Inc","Resource Transformation","Electrical & Electronic Equipment"
"ROST","Ross Stores Inc","Consumption II","Apparel, Accessories & Footwear"
"RRC","Range Resources Corp","Non-Renewable Resources","Oil & Gas - Exploration & Production"
"RSG","Republic Services Inc","Infrastructure","Waste Management"
"RTN","Raytheon Co","Resource Transformation","Aerospace & Defense"
"SBUX","Starbucks Corp","Services","Restaurants"
"SCG","SCANA Corp","Infrastructure","Electric Utilities"
"SCHW","Charles Schwab Corp/The","Financials","Asset Management & Custody Activities"
"SE","Spectra Energy Corp","Non-Renewable Resources","Oil & Gas - Midstream"
"SEE","Sealed Air Corp","Resource Transformation","Containers & Packaging"
"SIG","Signet Jewelers Ltd","Consumption II","Apparel, Accessories & Footwear"
"SLB","Schlumberger Ltd","Non-Renewable Resources","Oil & Gas - Services"
"SLG","SL Green Realty Corp","Infrastructure","Real Estate Owners, Developers & Investment Trusts"
"SNA","Snap-on Inc","Consumption II","Appliance Manufacturing"
"SNI","Scripps Networks Interactive Inc","Services","Media Production & Distribution"
"SO","Southern Co/The","Infrastructure","Electric Utilities"
"SPG","Simon Property Group Inc","Infrastructure","Real Estate Owners, Developers & Investment Trusts"
"SPLS","Staples Inc","Consumption II","Multiline and Specialty Retailers & Distributors"
"SRCL","Stericycle Inc","Infrastructure","Waste Management"
"SRE","Sempra Energy","Infrastructure","Electric Utilities"
"STI","SunTrust Banks Inc","Financials","Commercial Banks"
"STJ","St Jude Medical Inc","Health Care","Medical Equipment & Supplies"
"STT","State Street Corp","Financials","Asset Management & Custody Activities"
"STX","Seagate Technology PLC","Technology & Communications","Hardware"
"STZ","Constellation Brands Inc","Consumption I","Alcoholic Beverages"
"SWK","Stanley Black & Decker Inc","Consumption II","Appliance Manufacturing"
"SWKS","Skyworks Solutions Inc","Technology & Communications","Semiconductors"
"SWN","Southwestern Energy Co","Non-Renewable Resources","Oil & Gas - Exploration & Production"
"SYF","Synchrony Financial","Financials","Consumer Finance"
"SYK","Stryker Corp","Health Care","Medical Equipment & Supplies"
"SYMC","Symantec Corp","Technology & Communications","Software & IT Services"
"SYY","Sysco Corp","Consumption II","Food Retailers & Distributors"
"T","AT&T Inc","Technology & Communications","Telecommunications"
"TAP","Molson Coors Brewing Co","Consumption I","Alcoholic Beverages"
"TDC","Teradata Corp","Technology & Communications","Software & IT Services"
"TDG","TransDigm Group Inc","Resource Transformation","Aerospace & Defense"
"TE","TECO Energy Inc","Infrastructure","Electric Utilities"
"TEL","TE Connectivity Ltd","Resource Transformation","Electrical & Electronic Equipment"
"TGNA","TEGNA Inc","Services","Media Production & Distribution"
"TGT","Target Corp","Consumption II","Multiline and Specialty Retailers & Distributors"
"TIF","Tiffany & Co","Consumption II","Apparel, Accessories & Footwear"
"TJX","TJX Cos Inc/The","Consumption II","Apparel, Accessories & Footwear"
"TMK","Torchmark Corp","Financials","Insurance"
"TMO","Thermo Fisher Scientific Inc","Health Care","Medical Equipment & Supplies"
"TRIP","TripAdvisor Inc","Technology & Communications","Internet Media & Services"
"TROW","T Rowe Price Group Inc","Financials","Asset Management & Custody Activities"
"TRV","Travelers Cos Inc/The","Financials","Insurance"
"TSCO","Tractor Supply Co","Consumption II","Multiline and Specialty Retailers & Distributors"
"TSN","Tyson Foods Inc","Consumption I","Meat, Poultry & Dairy"
"TSO","Tesoro Corp","Non-Renewable Resources","Oil & Gas - Refining & Marketing"
"TSS","Total System Services Inc","Financials","Consumer Finance"
"TWX","Time Warner Inc","Services","Media Production & Distribution"
"TXN","Texas Instruments Inc","Technology & Communications","Semiconductors"
"TXT","Textron Inc","Resource Transformation","Aerospace & Defense"
"TYC","Tyco International Plc","Resource Transformation","Electrical & Electronic Equipment"
"UA","Under Armour Inc","Consumption II","Apparel, Accessories & Footwear"
"UAL","United Continental Holdings Inc","Transportation","Airlines"
"UDR","UDR Inc","Infrastructure","Real Estate Owners, Developers & Investment Trusts"
"UHS","Universal Health Services Inc","Health Care","Health Care Delivery"
"ULTA","Ulta Salon Cosmetics & Fragrance Inc","Consumption II","Multiline and Specialty Retailers & Distributors"
"UNH","UnitedHealth Group Inc","Health Care","Managed Care"
"UNM","Unum Group","Financials","Insurance"
"UNP","Union Pacific Corp","Transportation","Rail Transportation"
"UPS","United Parcel Service Inc","Transportation","Air Freight & Logistics"
"URBN","Urban Outfitters Inc","Consumption II","Apparel, Accessories & Footwear"
"URI","United Rentals Inc","Resource Transformation","Industrial Machinery & Goods"
"USB","US Bancorp","Financials","Commercial Banks"
"UTX","United Technologies Corp","Resource Transformation","Aerospace & Defense"
"V","Visa Inc","Financials","Consumer Finance"
"VAR","Varian Medical Systems Inc","Health Care","Medical Equipment & Supplies"
"VFC","VF Corp","Consumption II","Apparel, Accessories & Footwear"
"VIAB","Viacom Inc","Services","Media Production & Distribution"
"VLO","Valero Energy Corp","Non-Renewable Resources","Oil & Gas - Refining & Marketing"
"VMC","Vulcan Materials Co","Non-Renewable Resources","Construction Materials"
"VNO","Vornado Realty Trust","Infrastructure","Real Estate Owners, Developers & Investment Trusts"
"VRSK","Verisk Analytics Inc","Services","Professional Services"
"VRSN","VeriSign Inc","Technology & Communications","Internet Media & Services"
"VRTX","Vertex Pharmaceuticals Inc","Health Care","Biotechnology"
"VTR","Ventas Inc","Infrastructure","Real Estate Owners, Developers & Investment Trusts"
"VZ","Verizon Communications Inc","Technology & Communications","Telecommunications"
"WAT","Waters Corp","Health Care","Medical Equipment & Supplies"
"WBA","Walgreens Boots Alliance Inc","Consumption II","Drug Retailers & Convenience Stores"
"WDC","Western Digital Corp","Technology & Communications","Hardware"
"WEC","WEC Energy Group Inc","Infrastructure","Electric Utilities"
"WFC","Wells Fargo & Co","Financials","Commercial Banks"
"WFM","Whole Foods Market Inc","Consumption II","Food Retailers & Distributors"
"WHR","Whirlpool Corp","Consumption II","Appliance Manufacturing"
"WM","Waste Management Inc","Infrastructure","Waste Management"
"WMB","Williams Cos Inc/The","Non-Renewable Resources","Oil & Gas - Midstream"
"WMT","Wal-Mart Stores Inc","Consumption II","Multiline and Specialty Retailers & Distributors"
"WRK","WestRock Co","Resource Transformation","Containers & Packaging"
"WU","Western Union Co/The","Financials","Consumer Finance"
"WY","Weyerhaeuser Co","Renewable Resources & Alternative Energy","Forestry & Logging"
"WYN","Wyndham Worldwide Corp","Services","Hotels & Lodging"
"WYNN","Wynn Resorts Ltd","Services","Casinos & Gaming"
"XEC","Cimarex Energy Co","Non-Renewable Resources","Oil & Gas - Exploration & Production"
"XEL","Xcel Energy Inc","Infrastructure","Electric Utilities"
"XL","XL Group PLC","Financials","Insurance"
"XLNX","Xilinx Inc","Technology & Communications","Semiconductors"
"XOM","Exxon Mobil Corp","Non-Renewable Resources","Integrated Oil & Gas"
"XRAY","DENTSPLY International Inc","Health Care","Medical Equipment & Supplies"
"XRX","Xerox Corp","Technology & Communications","Software & IT Services"
"XYL","Xylem Inc/NY","Resource Transformation","Industrial Machinery & Goods"
"YHOO","Yahoo! Inc","Technology & Communications","Internet Media & Services"
"YUM","Yum! Brands Inc","Services","Restaurants"
"ZBH","Zimmer Biomet Holdings Inc","Health Care","Medical Equipment & Supplies"
"ZION","Zions Bancorporation","Financials","Commercial Banks"
"ZTS","Zoetis Inc","Health Care","Pharmaceuticals"
